Downstream Node Xml Id,Link Segment Xml Id,Mode Xml Id,Upstream Node Xml Id,Calculated Speed,Cost,Flow
1,1,1,11,40.0000000,0.0250000,3600.0000000
4,2,1,1,1.4457831,0.6916667,3600.0000000
12,3,1,4,40.0000000,0.0250000,3600.0000000
