Downstream Node Id,Downstream Node Xml Id,Link Segment Id,Link Segment Xml Id,Mode Id,Mode Xml Id,Upstream Node Id,Upstream Node Xml Id,Capacity per Lane,Downstream Node Location,Length,Number of Lanes,Upstream Node Location,Calculated Speed,Cost,Flow
5,6,8,9,0,1,0,1,2000.0000000,Not Specified,10.0000000,1,Not Specified,1.0000000,10.0000000,1.0000000
7,8,20,21,0,1,6,7,2000.0000000,Not Specified,12.0000000,1,Not Specified,1.0000000,12.0000000,1.0000000
8,9,22,23,0,1,7,8,2000.0000000,Not Specified,20.0000000,1,Not Specified,1.0000000,20.0000000,1.0000000
10,11,26,27,0,1,5,6,2000.0000000,Not Specified,12.0000000,1,Not Specified,1.0000000,12.0000000,1.0000000
6,7,29,30,0,1,11,12,2000.0000000,Not Specified,5.0000000,1,Not Specified,1.0000000,5.0000000,1.0000000
13,14,32,33,0,1,8,9,2000.0000000,Not Specified,10.0000000,1,Not Specified,1.0000000,10.0000000,1.0000000
11,12,36,37,0,1,10,11,2000.0000000,Not Specified,8.0000000,1,Not Specified,1.0000000,8.0000000,1.0000000
14,15,42,43,0,1,13,14,2000.0000000,Not Specified,10.0000000,1,Not Specified,1.0000000,10.0000000,1.0000000
19,20,52,53,0,1,14,15,2000.0000000,Not Specified,21.0000000,1,Not Specified,1.0000000,21.0000000,1.0000000
