Downstream Node Xml Id,Link Segment Xml Id,Mode Xml Id,Upstream Node Xml Id,Calculated Speed,Cost,Flow
6,9,1,1,1.0000000,10.0000000,1.0000000
8,21,1,7,1.0000000,12.0000000,1.0000000
9,23,1,8,1.0000000,20.0000000,1.0000000
11,27,1,6,1.0000000,12.0000000,1.0000000
7,30,1,12,1.0000000,5.0000000,1.0000000
14,33,1,9,1.0000000,10.0000000,1.0000000
12,37,1,11,1.0000000,8.0000000,1.0000000
15,43,1,14,1.0000000,10.0000000,1.0000000
20,53,1,15,1.0000000,21.0000000,1.0000000
