Destination Zone External Id,Mode External Id,Origin Zone External Id,Cost
1,1,1,0.0000000
2,1,1,85.0000000
3,1,1,0.0000000
4,1,1,0.0000000
1,1,2,0.0000000
2,1,2,0.0000000
3,1,2,0.0000000
4,1,2,0.0000000
1,1,3,0.0000000
2,1,3,0.0000000
3,1,3,0.0000000
4,1,3,0.0000000
1,1,4,0.0000000
2,1,4,0.0000000
3,1,4,0.0000000
4,1,4,0.0000000
