Downstream Node Xml Id,Link Segment Xml Id,Mode Xml Id,Upstream Node Xml Id,Calculated Speed,Cost,Flow
2,1,1,1,0.5235072,19.1019336,2000.0000000
3,2,1,2,2.2222222,4.5000000,2000.0000000
4,3,1,3,0.3030303,33.0000000,2000.0000000
5,4,1,4,2.2222222,4.5000000,2000.0000000
6,5,1,5,0.5235072,19.1019336,2000.0000000
