Downstream Node Id,Downstream Node Xml Id,Link Segment Id,Link Segment Xml Id,Mode Id,Mode Xml Id,Upstream Node Id,Upstream Node Xml Id,Capacity per Lane,Downstream Node Location,Length,Number of Lanes,Upstream Node Location,Calculated Speed,Cost,Flow
0,1,0,1,0,1,4,11,1200.0000000,Not Specified,1.0000000,3,Not Specified,40.0000000,0.0250000,3600.0000000
3,4,1,2,0,1,0,1,1200.0000000,Not Specified,1.0000000,1,Not Specified,14.9737025,0.0667837,1879.2000000
5,12,2,3,0,1,3,4,1200.0000000,Not Specified,1.0000000,3,Not Specified,40.0000000,0.0250000,3600.0000000
1,2,3,4,0,1,0,1,1200.0000000,Not Specified,2.0000000,1,Not Specified,59.8903352,0.0333944,295.2000000
3,4,4,5,0,1,1,2,1200.0000000,Not Specified,2.0000000,1,Not Specified,59.8903352,0.0333944,295.2000000
2,3,5,6,0,1,0,1,1200.0000000,Not Specified,1.0000000,1,Not Specified,30.0609344,0.0332658,1425.6000000
3,4,6,7,0,1,2,3,1200.0000000,Not Specified,1.0000000,1,Not Specified,30.0609344,0.0332658,1425.6000000
