Destination Zone External Id,Mode External Id,Origin Zone External Id,Cost
1,1,1,0.0000000
2,1,1,0.0767791
3,1,1,0.0776307
4,1,1,0.0944051
1,1,2,0.0767791
2,1,2,0.0000000
3,1,2,0.0931159
4,1,2,0.0900226
1,1,3,0.0776307
2,1,3,0.0931159
3,1,3,0.0000000
4,1,3,0.0902602
1,1,4,0.0944051
2,1,4,0.0900226
3,1,4,0.0902602
4,1,4,0.0000000
